UDI,Product_ID,Type,Air_temperature_K,Process_temperature_K,Rotational_speed_rpm,Torque_Nm,Tool_wear_min
4331,L51510,L,301.5,309.8,1549,38.5,81
2492,L49671,L,299.1,308.9,1445,43.4,197
8291,M23150,M,298.9,310.6,1679,35.8,14
1960,M16819,M,297.8,307.6,1352,49.4,102
432,L47611,L,297.5,308.5,1446,41.9,32
1184,L48363,L,297.3,308.4,1513,40.5,25
9666,L56845,L,299.2,310.3,1610,33.3,233
2998,L50177,L,300.5,309.8,1345,62.7,153
6262,L53441,L,301.1,310.6,1417,47.6,10
331,M15190,M,297.6,308.4,1398,41.9,215
7694,L54873,L,300.6,311.6,1964,21.4,15
4662,L51841,L,303.3,311.3,1350,48.1,32
6439,L53618,L,300.4,310.0,1581,30.3,42
6122,L53301,L,300.9,311.1,1457,37.4,96
5308,L52487,L,304.0,313.3,1530,34.8,211
9602,L56781,L,298.9,310.1,2109,18.0,61
3562,L50741,L,301.7,310.6,1486,38.5,78
8984,M23843,M,297.0,307.7,1261,51.1,130
7382,L54561,L,299.7,310.3,1495,43.1,101
8501,L55680,L,298.3,309.5,1711,30.3,148
6136,L53315,L,301.0,310.9,1740,28.9,129
8550,L55729,L,298.3,309.3,1558,37.2,73
5041,H34454,H,304.1,313.2,1586,34.6,139
1300,M16159,M,298.7,309.9,1458,40.2,137
1710,L48889,L,298.2,307.8,1749,26.1,66
9831,L57010,L,298.3,309.3,1337,56.1,206
120,L47299,L,298.7,308.5,1467,40.7,106
2491,H31904,H,299.1,308.8,1566,46.6,192
4405,M19264,M,302.4,310.2,1485,45.9,50
102,L47281,L,298.8,308.8,1991,20.7,59
4969,M19828,M,303.9,312.7,1485,43.3,174
1092,L48271,L,297.0,307.7,1447,46.4,8
7528,L54707,L,300.1,311.3,1470,45.2,40
7780,L54959,L,300.5,311.7,1811,26.8,47
3145,M18004,M,300.6,310.0,1478,36.3,95
2940,L50119,L,300.9,309.7,1431,41.4,199
6888,L54067,L,300.8,311.3,1782,26.9,116
6932,M21791,M,300.8,311.4,1521,39.9,15
1807,H31220,H,298.0,307.6,1593,32.2,118
9026,L56205,L,297.5,308.4,1440,35.9,13
8365,L55544,L,298.9,309.8,1396,49.0,13
1170,L48349,L,297.0,308.1,1355,43.7,217
6246,L53425,L,300.9,310.4,1445,41.7,180
3844,L51023,L,302.5,311.2,1227,60.1,167
399,H29812,H,297.4,308.3,1502,43.6,169
1199,H30612,H,296.9,307.9,1557,36.5,63
1344,L48523,L,298.5,310.2,1676,32.7,18
6416,L53595,L,300.4,310.1,1503,42.2,196
6388,M21247,M,300.2,309.8,1487,39.2,122
9339,H38752,H,298.5,309.0,1531,30.8,212
3425,L50604,L,301.5,310.5,1593,32.9,155
8655,M23514,M,297.4,308.4,1441,46.8,116
6876,M21735,M,300.8,311.2,1592,32.9,82
4259,M19118,M,302.7,311.1,1297,60.7,125
8303,L55482,L,298.7,310.1,1641,31.1,49
990,M15849,M,296.2,307.0,2119,18.3,159
1985,M16844,M,298.0,307.5,1387,45.5,166
6559,M21418,M,301.5,310.6,1447,41.9,140
5783,L52962,L,301.7,311.1,1455,39.8,118
5720,L52899,L,302.3,312.0,1398,43.3,171
1904,L49083,L,297.9,307.6,1968,20.4,171
7979,L55158,L,301.2,312.4,1480,53.5,97
9510,M24369,M,299.2,310.4,1502,39.8,34
2102,L49281,L,299.3,309.3,1528,37.8,45
9321,L56500,L,298.4,309.3,1409,43.1,166
6312,L53491,L,300.9,310.3,1446,44.5,135
9851,M24710,M,298.5,309.3,1498,34.6,46
6892,L54071,L,300.9,311.5,1505,41.1,129
2714,M17573,M,299.6,309.2,1651,30.8,92
586,L47765,L,297.6,309.5,2001,20.5,220
3815,M18674,M,302.1,310.6,1326,59.1,88
129,L47308,L,299.0,308.6,1587,38.6,124
1693,M16552,M,298.1,307.6,1764,27.7,23
7410,L54589,L,299.8,310.9,2084,17.6,175
9077,L56256,L,297.2,308.1,1474,44.3,152
4256,M19115,M,302.5,311.0,1387,52.1,116
2130,H31543,H,299.4,309.0,1607,33.7,130
7403,M22262,M,299.8,310.8,1463,43.5,156
8359,L55538,L,298.7,309.7,1547,37.4,0
3947,M18806,M,302.2,311.3,1658,31.0,2
5739,L52918,L,302.3,311.7,1281,48.8,0
9856,L57035,L,298.7,309.6,1516,38.5,61
3730,M18589,M,302.4,311.3,1312,61.5,85
3520,M18379,M,301.9,310.9,1569,32.5,188
2264,M17123,M,299.2,308.4,1529,43.0,50
8382,H37795,H,298.8,310.0,1530,38.3,53
7311,L54490,L,300.0,310.5,1606,33.5,135
6036,M20895,M,300.6,310.9,1702,30.3,91
9038,L56217,L,297.3,308.2,1896,24.4,47
2532,M17391,M,298.8,308.5,1510,38.7,66
960,L48139,L,295.8,306.5,1505,35.2,86
4330,L51509,L,301.6,310.0,1566,30.3,79
2485,H31898,H,298.8,308.6,1524,37.7,170
8212,L55391,L,299.2,310.6,1675,33.3,28
359,M15218,M,297.6,308.3,1467,36.7,68
3046,L50225,L,300.2,309.4,1526,35.3,46
5079,M19938,M,304.3,313.4,1482,43.8,41
3852,H33265,H,302.2,310.9,1415,48.4,185
7886,L55065,L,300.7,312.3,1590,36.3,93
1692,L48871,L,297.9,307.5,1602,38.3,21
1682,M16541,M,297.8,307.3,1804,26.0,222
4079,H33492,H,302.1,310.7,1294,62.4,101
3652,L50831,L,302.1,311.5,1444,44.9,97
7491,M22350,M,300.4,311.8,1707,30.0,165
9802,M24661,M,298.4,309.3,1496,45.6,129
2002,L49181,L,298.4,308.2,1604,34.9,11
6640,L53819,L,301.4,310.5,1380,48.4,131
4744,L51923,L,303.3,311.3,1409,51.8,16
9367,L56546,L,298.0,308.5,1461,48.0,68
2259,L49438,L,299.1,308.2,1319,60.3,36
4081,L51260,L,302.0,310.4,1357,58.0,108
3723,L50902,L,302.2,311.2,1451,41.8,66
2906,L50085,L,300.6,309.4,1552,36.4,113
8085,L55264,L,300.2,311.4,1483,44.4,141
6054,L53233,L,300.8,310.9,1748,29.9,140
5256,M20115,M,303.5,313.0,1403,51.9,77
7145,M22004,M,300.4,309.8,1517,40.3,149
1476,M16335,M,298.4,309.5,1519,35.4,133
8022,M22881,M,301.0,312.0,1499,34.6,207
6574,M21433,M,301.4,310.6,1855,25.3,178
6502,M21361,M,300.9,310.0,1600,36.0,204
6921,M21780,M,301.2,311.6,1423,48.0,199
5107,L52286,L,304.0,313.3,1519,36.7,117
7998,M22857,M,301.0,312.2,2710,9.7,143
7386,M22245,M,299.8,310.5,1375,53.9,110
8166,L55345,L,299.6,311.0,1552,33.2,139
9394,H38807,H,297.7,308.2,1489,43.0,151
7527,L54706,L,300.1,311.4,1660,31.4,38
6648,L53827,L,301.5,310.5,1927,22.4,149
2538,H31951,H,298.9,308.7,1353,48.1,79
3347,L50526,L,301.3,310.7,1761,24.3,174
2971,M17830,M,300.6,309.4,1452,39.4,78
4705,L51884,L,303.7,311.9,1561,33.3,153
4701,L51880,L,303.5,311.7,1620,31.0,141
1751,M16610,M,298.4,307.8,1617,31.6,173
6248,L53427,L,300.8,310.2,1492,46.3,187
8866,L56045,L,297.9,309.0,1290,49.8,43
1834,L49013,L,297.8,307.3,1327,61.0,186
6911,L54090,L,300.8,311.2,1434,45.6,174
1895,H31308,H,297.9,307.5,1880,23.3,146
2193,L49372,L,299.6,309.0,1472,48.8,72
6480,L53659,L,300.6,309.8,1418,42.7,147
6237,M21096,M,301.3,310.9,1512,36.9,159
93,M14952,M,298.9,308.9,1727,27.1,37
3689,L50868,L,302.0,311.2,1420,45.8,192
5838,M20697,M,301.3,311.1,1834,25.4,22
5666,L52845,L,302.3,311.4,1845,21.9,27
3767,L50946,L,302.3,311.1,1373,53.0,181
8296,L55475,L,298.9,310.4,1739,26.3,30
1404,L48583,L,299.0,310.2,1372,48.0,174
7929,L55108,L,300.6,311.7,1497,43.6,198
3475,M18334,M,301.9,310.8,1557,35.3,65
2947,M17806,M,300.7,309.5,1622,30.5,14
3649,M18508,M,302.2,311.5,1443,47.0,90
5671,L52850,L,302.2,311.5,1424,45.2,39
9477,M24336,M,298.8,309.6,1692,31.9,167
7288,M22147,M,300.2,310.4,1530,35.7,80
9987,M24846,M,298.8,308.6,1507,42.3,207
1585,M16444,M,298.2,308.3,1639,33.3,191
8968,L56147,L,297.1,307.8,1536,40.4,92
3558,M18417,M,301.8,310.7,1309,43.3,68
872,L48051,L,295.8,306.4,1339,53.2,67
1274,L48453,L,298.1,309.4,1397,48.2,63
4313,L51492,L,301.5,310.1,1430,46.5,35
8987,M23846,M,297.1,307.8,1443,43.9,137
1350,L48529,L,298.7,310.2,1402,45.9,30
5357,H34770,H,303.3,312.6,1692,29.0,125
8152,L55331,L,299.5,310.7,1472,40.9,104
6153,M21012,M,301.1,311.1,1592,35.7,174
1332,H30745,H,298.9,310.2,1771,26.8,216
2405,M17264,M,299.1,308.7,2008,20.3,178
5111,M19970,M,304.0,313.5,1732,26.2,126
1575,L48754,L,298.2,308.2,1478,50.1,166
8743,L55922,L,297.4,308.8,1467,39.0,128
2303,L49482,L,299.2,308.5,1515,39.8,141
6602,M21461,M,301.5,310.7,1347,47.9,29
2545,L49724,L,299.2,309.0,1951,21.4,102
8475,M23334,M,298.5,309.7,1523,44.6,83
77,L47256,L,298.8,308.9,1461,47.9,206
6822,M21681,M,300.8,310.6,1545,37.5,155
7012,L54191,L,300.5,310.5,2633,12.2,17
7056,L54235,L,300.8,310.6,1663,30.6,139
589,L47768,L,297.6,309.4,1628,33.4,229
1862,M16721,M,297.9,307.6,1609,30.3,64
5652,M20511,M,302.5,312.0,1447,45.7,210
6303,L53482,L,301.2,310.6,1437,51.2,112
1637,L48816,L,297.9,307.8,1505,37.3,100
222,H29635,H,298.4,308.5,1827,24.3,153
376,L47555,L,297.4,308.2,1533,37.4,115
4668,H34081,H,303.3,311.4,1651,30.6,50
3451,L50630,L,301.6,310.6,1506,43.4,222
8723,L55902,L,297.2,308.6,1366,50.4,74
5434,L52613,L,302.9,312.5,1550,45.5,72
4618,M19477,M,303.1,311.4,1831,23.3,161
9644,L56823,L,299.4,310.4,1509,40.6,175
8310,M23169,M,298.7,310.0,1459,40.2,69
2783,M17642,M,300.2,309.6,1491,41.8,41
2898,M17757,M,300.6,309.5,1530,40.2,93
8708,L55887,L,297.2,308.5,1471,41.7,41
748,L47927,L,296.8,308.1,1356,48.3,201
5486,L52665,L,302.6,312.1,1344,51.0,206
2177,M17036,M,299.6,309.3,1387,48.3,25
1733,H31146,H,298.4,307.9,1700,28.2,120
9314,L56493,L,298.5,309.4,1418,45.1,148
4265,M19124,M,302.6,311.0,1542,39.7,141
8301,L55480,L,298.7,310.1,1558,37.6,44
6058,L53237,L,300.8,310.8,1689,32.9,151
2764,L49943,L,299.8,309.2,1491,47.5,216
9637,L56816,L,299.2,310.3,1507,41.3,158
1601,M16460,M,297.8,307.8,1543,43.7,8
1201,M16060,M,296.9,308.0,1430,55.9,71
9543,L56722,L,299.6,310.9,1716,28.5,117
8325,M23184,M,298.7,309.5,1394,46.0,113
4776,L51955,L,303.5,312.0,1761,25.8,105
9764,M24623,M,298.6,309.6,1635,29.7,9
381,L47560,L,297.5,308.3,2564,12.8,127
7046,M21905,M,300.7,310.6,1609,27.6,108
3594,M18453,M,301.6,310.4,1377,44.9,161
6584,M21443,M,301.5,310.5,1503,38.2,200
121,L47300,L,298.9,308.7,1433,44.7,108
9115,L56294,L,297.6,308.7,1476,39.0,44
2784,M17643,M,300.2,309.6,1528,35.1,44
1732,M16591,M,298.3,307.9,1485,42.0,117
1020,L48199,L,296.3,307.3,1398,52.7,31
7363,L54542,L,299.5,310.0,1594,35.1,54
8977,L56156,L,296.7,307.4,1535,34.6,114
7298,L54477,L,300.1,310.5,1500,39.8,107
8277,L55456,L,298.8,310.5,1384,52.8,200
7712,L54891,L,300.4,311.4,1309,55.5,71
2048,L49227,L,299.3,309.2,1775,24.2,125
9460,L56639,L,298.4,309.1,1579,36.1,123
7683,M22542,M,300.7,311.7,1412,49.1,219
5624,L52803,L,302.9,312.3,1578,36.3,141
5087,L52266,L,304.0,313.0,1541,45.9,64
3007,L50186,L,300.4,309.7,1488,35.7,177
717,H30130,H,297.4,308.6,1420,45.8,120
2879,H32292,H,300.5,309.4,1502,34.3,40
6033,L53212,L,300.7,310.8,1754,27.7,84
9838,M24697,M,298.4,309.3,1355,50.6,8
4275,L51454,L,302.4,310.6,1445,40.3,162
736,L47915,L,296.9,308.4,1557,32.4,173
4759,L51938,L,303.5,311.6,1465,48.7,60
9309,L56488,L,298.4,309.1,1423,48.0,135
1525,L48704,L,298.2,309.0,1601,35.8,43
6554,L53733,L,301.4,310.8,1389,52.7,125
4543,M19402,M,302.5,310.4,1581,32.7,181
2384,L49563,L,299.1,308.2,1568,33.3,123
4459,L51638,L,302.6,310.4,1478,47.7,189
4202,L51381,L,302.4,311.0,2211,15.4,203
1084,L48263,L,297.0,307.8,1683,32.3,197
1426,L48605,L,298.6,309.7,1356,54.0,6
967,M15826,M,295.8,306.5,1641,32.2,101
942,L48121,L,295.6,306.2,1650,28.2,35
8250,L55429,L,299.0,310.4,1524,39.8,120
8744,H38157,H,297.4,308.7,1323,51.1,130
2447,L49626,L,299.3,308.6,1422,48.9,83
7943,L55122,L,300.8,311.7,1432,45.8,6
3052,L50231,L,300.2,309.3,1366,49.3,59
7249,L54428,L,300.0,310.1,1762,28.0,202
211,L47390,L,298.4,308.7,1523,36.1,126
8761,M23620,M,297.4,308.7,1392,46.4,174
6178,L53357,L,301.0,310.8,1527,45.3,8
2024,L49203,L,298.7,308.5,1444,54.2,62
275,L47454,L,298.1,308.0,1652,28.5,63
8520,L55699,L,298.3,309.6,1420,44.1,197
4839,H34252,H,303.3,311.8,1649,29.4,49
7874,L55053,L,300.7,312.4,1470,38.6,56
5091,M19950,M,303.9,313.2,1570,40.7,74
5024,M19883,M,304.0,313.0,1575,34.5,92
9055,M23914,M,297.3,308.4,1521,38.2,87
8705,L55884,L,297.1,308.5,1425,40.0,35
6789,M21648,M,301.1,310.6,1410,43.9,73
9961,L57140,L,298.2,307.8,1575,35.0,137
8294,M23153,M,298.9,310.4,1533,44.4,24
3322,L50501,L,301.5,310.6,1522,41.0,114
9411,M24270,M,298.0,308.5,1666,31.0,198
8934,M23793,M,297.3,308.3,1544,41.7,6
1822,L49001,L,298.1,307.6,1354,43.3,155
5271,L52450,L,303.5,312.9,1275,64.4,113
1997,M16856,M,298.4,308.0,1416,38.2,198
5283,H34696,H,303.8,313.2,1381,52.4,140
8897,L56076,L,297.4,308.7,1638,31.9,131
5569,L52748,L,302.5,312.1,1534,38.6,3
5828,L53007,L,301.3,311.1,1624,40.9,0
5707,L52886,L,302.4,311.9,1290,70.0,139
3225,M18084,M,300.6,309.5,1557,33.8,84
7396,M22255,M,299.7,310.6,1572,38.0,139
7408,H36821,H,299.8,310.9,1427,47.2,168
3105,M17964,M,299.8,309.2,1678,29.8,202
974,L48153,L,295.9,306.6,1679,30.4,117
4131,L51310,L,301.9,310.4,1286,62.8,22
1282,H30695,H,298.3,309.5,1427,54.3,89
6289,L53468,L,301.0,310.5,1317,50.9,75
9044,L56223,L,297.4,308.4,1343,40.0,61
8079,L55258,L,300.3,311.7,1571,31.2,123
249,L47428,L,298.0,308.3,1362,56.8,216
8314,M23173,M,298.8,310.0,1484,44.9,80
2815,L49994,L,300.0,309.3,1395,56.5,122
8835,L56014,L,297.4,308.8,1473,46.2,167
4137,L51316,L,301.7,310.1,1487,48.0,36
3537,L50716,L,302.0,311.0,1632,34.2,18
2117,M16976,M,299.4,309.0,1381,44.9,88
6450,L53629,L,300.6,310.2,1519,44.6,69
1218,L48397,L,297.0,308.1,1455,43.5,122
9728,L56907,L,298.8,309.8,1461,39.4,141
8349,M23208,M,298.7,309.6,1452,42.7,180
5568,M20427,M,302.5,312.0,1445,54.8,0
7425,M22284,M,300.1,311.4,1575,29.8,210
2636,H32049,H,299.9,309.6,1462,51.0,119
6945,M21804,M,300.7,311.3,1487,39.8,50
1086,L48265,L,297.0,307.8,1385,56.4,202
9862,M24721,M,298.7,309.6,1800,24.8,78
4488,L51667,L,302.5,310.5,1436,36.5,43
7787,L54966,L,300.3,311.5,1466,46.2,62
1239,M16098,M,297.1,308.4,1615,32.6,184
314,L47493,L,298.0,308.6,1313,50.8,170
5392,L52571,L,302.7,312.2,1572,34.4,228
845,L48024,L,296.5,307.5,1566,35.1,206
7226,M22085,M,299.8,309.7,1910,21.8,141
3863,H33276,H,302.5,311.5,1496,43.8,218
2626,L49805,L,299.7,309.4,1399,39.9,91
3618,L50797,L,301.8,311.0,1529,41.6,12
7471,L54650,L,300.4,311.6,1332,54.6,111
7254,L54433,L,300.3,310.5,1522,39.1,217
6591,L53770,L,301.7,310.7,1763,25.9,3
7986,L55165,L,301.0,312.2,1540,34.1,113
3672,M18531,M,302.3,311.7,1486,39.6,147
6112,M20971,M,300.7,310.8,1486,41.2,71
9490,L56669,L,298.9,309.7,1407,41.9,207
6135,L53314,L,301.0,311.0,1581,37.0,127
682,M15541,M,297.7,309.0,1656,33.2,20
1671,L48850,L,298.2,307.8,1528,31.1,194
8420,L55599,L,299.0,310.3,1431,39.9,157
6587,L53766,L,301.5,310.6,1453,44.0,208
6820,L53999,L,300.9,310.7,1359,46.0,151
9886,L57065,L,298.8,309.6,1613,27.7,143
6841,L54020,L,301.1,311.1,1799,21.7,206
2044,M16903,M,299.2,309.0,1597,30.3,115
4631,L51810,L,302.9,311.2,1751,23.8,196
2818,L49997,L,300.2,309.5,1417,41.1,129
3583,L50762,L,301.8,310.6,1395,50.5,131
5384,L52563,L,302.8,312.3,1504,40.3,204
7698,L54877,L,300.5,311.4,1400,45.1,29
2918,L50097,L,300.6,309.5,1516,39.0,142
8653,H38066,H,297.3,308.3,1461,41.5,108
9811,L56990,L,298.1,309.0,1502,40.9,153
2120,M16979,M,299.3,308.9,1858,24.7,101
1053,L48232,L,296.7,307.7,1927,23.9,112
7808,M22667,M,300.0,311.5,1451,49.0,115
3734,L50913,L,302.2,311.1,1470,39.6,97
975,L48154,L,296.0,306.6,1511,35.2,119
3219,L50398,L,300.6,309.6,1426,53.6,66
7293,M22152,M,300.1,310.4,1556,38.1,92
8505,L55684,L,298.4,309.7,1419,41.3,159
851,L48030,L,296.3,307.3,1567,31.4,5
1854,L49033,L,297.6,307.2,1486,40.6,42
9270,L56449,L,298.2,308.8,1354,60.9,32
4438,L51617,L,302.4,310.2,1578,31.2,139
6016,M20875,M,300.8,310.8,1520,38.0,45
1503,L48682,L,298.0,308.7,1462,48.2,204
7253,H36666,H,300.2,310.4,1501,42.9,212
6817,L53996,L,300.9,310.7,1477,43.2,143
5303,L52482,L,303.9,313.1,1491,37.2,195
5601,L52780,L,302.8,312.1,1487,36.6,84
6176,L53355,L,300.9,310.8,1517,44.3,4
6549,L53728,L,301.4,310.8,1770,24.1,112
8945,L56124,L,297.3,308.3,1471,38.2,37
4002,H33415,H,302.1,311.2,1598,37.9,148
4430,M19289,M,302.3,310.1,1731,33.4,112
5358,L52537,L,303.3,312.5,1968,20.6,130
5378,L52557,L,302.9,312.4,2030,19.1,192
6539,L53718,L,301.4,310.7,1487,44.6,88
7057,M21916,M,300.8,310.5,1409,50.6,141
657,M15516,M,297.7,309.1,1732,28.1,167
7409,L54588,L,299.9,310.9,1292,51.1,173
6694,M21553,M,301.8,311.0,1756,26.7,33
718,L47897,L,297.4,308.7,1545,36.9,125
4721,M19580,M,303.4,311.7,1353,44.1,192
9555,M24414,M,299.3,310.7,1440,45.5,146
6504,M21363,M,300.9,309.9,1465,42.9,209
9855,H39268,H,298.6,309.4,1362,45.3,56
2173,L49352,L,299.5,309.2,1816,23.0,15
6128,L53307,L,300.9,310.9,1228,66.4,109
8486,L55665,L,298.4,309.5,1450,47.9,112
8287,M23146,M,298.8,310.5,1678,32.8,4
1951,M16810,M,298.0,307.9,1479,47.6,76
9420,L56599,L,298.0,308.4,1911,22.0,13
678,L47857,L,297.9,309.2,1478,39.7,10
8280,L55459,L,298.8,310.6,1803,25.4,209
9469,L56648,L,298.6,309.4,1375,55.4,145
2278,H31691,H,299.3,308.7,1408,44.4,82
8466,M23325,M,298.7,309.8,1475,40.5,59
5700,L52879,L,302.4,311.9,1867,25.9,121
9387,M24246,M,297.5,308.0,2033,16.7,128
1188,M16047,M,297.4,308.6,1522,38.0,33
4601,L51780,L,303.0,311.0,1359,44.2,115
8207,L55386,L,299.3,310.8,1483,43.5,15
9483,H38896,H,298.8,309.6,1309,57.4,185
2219,L49398,L,299.7,309.1,1713,33.5,141
5591,M20450,M,302.5,311.9,1340,59.4,60
6625,L53804,L,301.7,310.7,1532,39.8,92
2953,H32366,H,300.7,309.5,1667,30.5,29
5016,L52195,L,303.9,313.0,1759,28.4,74
8650,L55829,L,297.4,308.4,1328,61.8,98
1568,L48747,L,298.1,308.2,1521,39.3,151
2449,L49628,L,299.4,308.9,1440,42.5,87
5945,M20804,M,300.7,310.6,1484,38.0,84
1153,L48332,L,297.1,307.9,1507,38.3,170
4951,M19810,M,303.8,312.7,1919,20.2,131
9128,L56307,L,297.4,308.5,1761,27.2,76
6849,M21708,M,301.1,311.3,1389,53.3,8
8483,L55662,L,298.4,309.5,1520,38.1,106
843,M15702,M,296.6,307.5,1566,35.0,201
6890,H36303,H,300.9,311.4,1387,42.7,121
8972,L56151,L,296.9,307.6,1514,35.7,100
1810,L48989,L,298.1,307.7,1767,27.0,127
4888,L52067,L,303.7,312.5,1481,33.3,182
4605,L51784,L,302.9,311.0,1820,24.6,128
5544,L52723,L,302.4,311.8,1255,59.0,138
8016,M22875,M,301.0,312.0,1558,37.5,190
4316,M19175,M,301.4,310.0,1651,29.8,44
7155,L54334,L,300.3,310.1,1483,39.9,174
4361,L51540,L,302.1,310.1,1543,35.8,164
1650,H31063,H,298.0,307.9,1482,37.8,132
3027,M17886,M,300.4,309.5,1888,21.9,221
8671,L55850,L,297.5,308.9,1581,30.4,155
4035,L51214,L,302.0,310.8,1615,29.0,235
8793,L55972,L,297.4,308.5,1418,51.2,52
8542,L55721,L,298.5,309.5,1738,25.2,49
4699,L51878,L,303.4,311.6,1564,41.9,137
8557,L55736,L,298.2,309.0,1489,40.6,89
6251,L53430,L,300.8,310.2,1520,37.7,193
7718,L54897,L,300.5,311.6,1365,53.0,85
4791,L51970,L,303.8,312.8,1443,40.7,145
1695,L48874,L,298.0,307.5,1618,35.2,31
4084,M18943,M,302.0,310.4,1567,36.4,114
9725,M24584,M,298.8,309.7,2098,19.0,133
2098,M16957,M,299.4,309.4,1326,47.5,35
9556,H38969,H,299.4,310.8,1585,31.4,149
3097,L50276,L,299.9,309.2,1560,38.9,180
3831,L51010,L,302.3,310.9,1891,22.7,135
8828,L56007,L,297.2,308.7,1463,49.9,146
3992,L51171,L,302.3,311.3,1682,34.4,127
7181,M22040,M,300.2,310.2,1628,30.3,27
3834,M18693,M,302.3,311.0,1541,36.6,143
3503,M18362,M,301.8,310.9,1346,44.6,142
98,M14957,M,298.9,308.9,1750,29.9,50
654,L47833,L,297.8,309.3,2015,20.1,161
4838,H34251,H,303.3,311.8,1806,27.7,44
2790,H32203,H,300.3,309.5,1438,44.0,59
4292,L51471,L,301.8,310.0,2032,19.0,203
9472,M24331,M,298.6,309.4,1774,27.5,154
4651,L51830,L,303.3,311.4,1658,30.5,7
8514,M23373,M,298.2,309.5,1478,36.5,182
3265,H32678,H,301.3,310.1,1455,44.1,188
2802,M17661,M,300.2,309.5,1642,28.8,92
1587,M16446,M,298.3,308.4,1486,44.2,196
3060,M17919,M,300.0,309.0,1368,45.8,81
8465,H37878,H,298.6,309.7,1672,27.5,54
2986,L50165,L,300.7,309.8,1596,31.5,123
197,H29610,H,298.3,308.6,1432,49.5,91
7327,M22186,M,299.9,310.5,1335,52.9,180
7398,L54577,L,299.7,310.6,1737,26.1,144
2389,M17248,M,299.2,308.5,1526,37.3,135
2103,L49282,L,299.3,309.3,1325,62.0,47
6398,M21257,M,300.0,309.6,1587,32.6,152
6150,M21009,M,301.0,311.1,1420,47.4,167
1004,L48183,L,296.2,307.1,1444,46.7,194
7974,L55153,L,301.1,312.3,1682,29.7,83
6252,M21111,M,300.8,310.2,1598,36.5,195
4297,L51476,L,301.8,310.2,2825,5.8,215
4364,H33777,H,302.1,310.1,1844,24.6,171
8621,L55800,L,297.6,308.5,1475,42.4,24
7840,L55019,L,300.3,311.6,1374,47.4,197
3457,H32870,H,301.4,310.4,1610,38.6,16
824,M15683,M,296.6,307.5,1482,39.9,153
957,H30370,H,295.6,306.2,1632,32.2,76
5097,H34510,H,304.2,313.5,1627,32.2,91
8036,L55215,L,300.7,311.7,1910,19.7,13
2748,L49927,L,299.7,309.2,1616,31.6,175
2398,L49577,L,299.2,308.6,1582,38.8,156
2457,L49636,L,299.1,308.6,1555,36.6,104
7786,L54965,L,300.2,311.5,1383,42.1,60
8884,M23743,M,297.9,309.2,1529,38.1,96
9235,L56414,L,298.3,309.1,1904,20.3,140
9395,L56574,L,297.7,308.2,1334,53.0,156
6233,L53412,L,301.3,311.0,1576,30.4,151
3877,L51056,L,302.6,311.8,1627,31.8,23
9651,M24510,M,299.1,310.0,1437,41.1,192
7163,L54342,L,300.2,310.2,1378,43.9,193
8391,M23250,M,298.8,309.8,1288,61.9,79
4472,L51651,L,302.8,310.6,1670,29.1,2
483,L47662,L,297.3,309.0,1548,37.4,171
2607,H32020,H,299.4,309.3,1534,37.5,39
1128,M15987,M,296.7,307.8,1672,32.4,113
6598,L53777,L,301.5,310.6,1481,46.8,20
6497,L53676,L,300.7,309.9,1815,27.0,190
6203,L53382,L,301.0,310.9,1296,54.9,69
7642,M22501,M,300.4,311.4,1352,57.3,116
8623,L55802,L,297.5,308.3,1437,42.3,29
4509,L51688,L,302.4,310.0,1426,46.6,102
7872,L55051,L,300.6,312.2,1308,54.7,52
4358,L51537,L,302.0,309.9,1407,52.8,154
7310,L54489,L,300.0,310.4,1505,44.9,133
1725,M16584,M,298.3,307.8,1457,52.5,98
5096,M19955,M,304.1,313.5,1428,39.9,88
9160,M24019,M,297.5,308.6,1510,35.5,155
7279,H36692,H,300.0,310.1,1714,28.7,55
5497,M20356,M,302.9,312.5,1924,24.0,17
7987,L55166,L,301.1,312.3,1587,34.5,115
9763,L56942,L,298.6,309.7,1925,22.1,7
5040,H34453,H,304.1,313.3,1689,32.5,134
3696,L50875,L,302.2,311.3,1530,37.3,207
7806,L54985,L,299.9,311.4,1706,28.8,111
7660,L54839,L,300.5,311.6,1528,42.4,163
9672,L56851,L,299.0,310.2,1412,44.1,246
8788,M23647,M,297.5,308.5,1699,30.1,40
427,L47606,L,297.4,308.5,1501,44.9,20
5069,M19928,M,304.3,313.3,1540,39.0,14
8078,L55257,L,300.3,311.8,1547,39.7,121
2105,M16964,M,299.3,309.1,1600,35.3,52
2804,L49983,L,300.2,309.5,1343,50.2,98
8108,H37521,H,300.3,311.9,1390,49.0,194
1346,L48525,L,298.5,310.0,1804,26.1,22
5504,H34917,H,302.6,312.0,1657,29.3,37
3128,L50307,L,300.0,309.5,1717,28.3,48
2509,L49688,L,299.0,308.9,1615,30.6,14
8116,L55295,L,300.4,311.8,1367,57.2,10
8352,M23211,M,298.7,309.6,1686,26.2,189
9913,L57092,L,298.6,308.9,1327,58.8,9
328,L47507,L,297.7,308.5,1373,56.7,203
7554,L54733,L,300.3,311.3,1505,39.6,107
8299,H37712,H,298.7,310.1,1435,45.6,37
4224,L51403,L,302.0,310.7,1657,31.9,37
5987,L53166,L,300.6,310.7,1440,52.5,200
1927,L49106,L,298.0,307.7,1606,30.8,17
7383,L54562,L,299.8,310.4,1698,28.3,103
3837,L51016,L,302.4,311.2,1466,43.9,152
5131,L52310,L,304.2,313.3,1668,35.7,180
262,L47441,L,298.1,308.2,1654,32.1,25
4462,L51641,L,302.7,310.5,1642,30.8,195
7858,L55037,L,300.5,311.9,1432,43.1,16
8246,M23105,M,299.0,310.3,1303,68.6,111
885,L48064,L,295.8,306.4,1356,48.0,99
5364,L52543,L,303.2,312.5,1518,39.9,146
9301,L56480,L,298.1,308.9,1367,41.9,113
3682,M18541,M,302.1,311.3,1453,45.1,174
3598,M18457,M,301.7,310.5,1724,33.0,171
5013,M19872,M,303.8,312.9,1815,27.8,66
3319,L50498,L,301.4,310.4,1436,49.7,108
9123,L56302,L,297.4,308.4,1580,41.2,66
4193,M19052,M,302.5,311.0,1463,43.1,181
4526,M19385,M,302.4,310.4,1463,42.2,139
8024,H37437,H,300.9,312.0,1397,42.7,212
8525,L55704,L,298.3,309.4,1468,46.2,10
5946,M20805,M,300.8,310.8,1415,44.5,87
2870,L50049,L,300.8,309.7,1519,35.8,14
556,M15415,M,297.4,309.4,1539,42.2,134
2,L47181,L,298.2,308.7,1408,46.3,3
3428,L50607,L,301.6,310.6,1562,34.4,162
3460,L50639,L,301.5,310.4,1270,54.2,26
5185,L52364,L,304.0,313.0,1397,42.4,113
6281,M21140,M,301.2,310.7,1527,41.1,53
553,M15412,M,297.4,309.3,1622,35.0,123
8318,L55497,L,298.7,309.7,1667,30.4,92
273,L47452,L,298.1,308.1,1484,40.4,59
3766,M18625,M,302.4,311.1,1443,51.8,178
2570,H31983,H,299.5,309.2,1872,22.6,162
3469,L50648,L,301.8,310.7,2092,18.6,51
7541,M22400,M,300.2,311.3,1587,31.2,73
4577,M19436,M,302.9,311.1,1926,21.8,58
6558,M21417,M,301.5,310.6,1638,31.9,137
6768,L53947,L,301.3,310.9,1509,41.7,16
2766,M17625,M,299.9,309.4,1399,54.8,3
1326,H30739,H,298.8,310.1,1567,36.8,197
1848,L49027,L,297.8,307.3,1412,50.7,24
4567,L51746,L,302.8,310.8,1402,50.5,30
8667,L55846,L,297.5,308.7,1407,42.5,145
1085,M15944,M,297.0,307.7,1498,47.1,199
1509,M16368,M,298.0,308.6,1507,37.3,217
3119,M17978,M,300.2,309.5,1458,46.9,23
5150,L52329,L,304.3,313.5,1452,41.5,15
4862,L52041,L,303.5,312.3,1946,21.1,112
2606,L49785,L,299.4,309.2,1552,37.4,37
1105,L48284,L,296.6,307.4,1389,42.7,48
3956,L51135,L,302.3,311.5,1448,49.6,28
9190,L56369,L,297.9,309.1,1595,32.0,32
7983,L55162,L,301.0,312.3,1488,42.6,107
9192,M24051,M,297.9,309.0,1970,21.6,37
4576,M19435,M,302.9,311.0,1437,49.9,55
6221,L53400,L,301.1,310.8,1470,49.3,116
3131,L50310,L,300.1,309.6,1760,25.4,55
7702,H37115,H,300.8,311.7,1468,38.7,39
6006,L53185,L,300.6,310.5,1570,38.3,14
9147,L56326,L,297.6,308.6,1528,40.0,123
9459,L56638,L,298.4,309.1,1417,40.6,121
1339,L48518,L,298.6,310.1,1721,27.2,5
1070,M15929,M,296.9,307.8,1840,24.6,157
9530,L56709,L,299.1,310.3,1459,46.7,84
1252,M16111,M,297.4,308.8,1359,48.7,220
5554,L52733,L,302.5,311.9,1306,59.7,172
2138,L49317,L,299.3,308.9,1623,31.1,152
3383,L50562,L,301.3,310.6,1510,38.5,47
5130,M19989,M,304.1,313.3,1725,28.3,177
6566,L53745,L,301.4,310.6,1550,36.8,159
8544,M23403,M,298.5,309.4,1365,48.7,56
1756,L48935,L,298.0,307.3,1424,46.5,185
3182,L50361,L,300.2,309.4,1527,37.0,194
2252,H31665,H,299.1,308.3,1424,43.4,16
3256,L50435,L,301.0,309.7,1491,42.9,165
519,L47698,L,297.6,309.5,1924,20.6,37
7101,L54280,L,300.7,310.2,1569,32.8,31
7011,M21870,M,300.5,310.5,1469,42.9,14
9277,L56456,L,298.1,308.7,1691,30.3,49
1075,L48254,L,297.0,307.9,1595,31.7,170
1782,L48961,L,298.5,308.1,1662,28.6,48
5822,L53001,L,301.3,311.1,1303,49.2,212
9951,L57130,L,298.1,307.8,1413,54.1,113
3437,L50616,L,301.5,310.5,1466,48.1,189
2625,H32038,H,299.7,309.5,1375,46.8,86
2823,L50002,L,300.3,309.6,1593,38.1,140
8843,L56022,L,297.3,308.7,1492,43.6,189
9441,M24300,M,298.1,308.8,1378,53.5,65
1734,L48913,L,298.4,308.0,1515,42.8,125
7340,L54519,L,299.8,310.4,1579,36.4,0
6510,L53689,L,301.1,310.1,1564,36.8,7
795,H30208,H,296.9,307.9,1547,32.6,79
6053,L53232,L,300.9,311.0,2003,20.2,138
9983,M24842,M,298.7,308.4,1507,45.7,192
8827,M23686,M,297.2,308.8,1485,47.9,143
8136,L55315,L,299.6,311.0,1554,36.3,62
3857,M18716,M,302.4,311.2,1330,58.6,201
8107,M22966,M,300.4,312.0,1596,30.4,191
1917,L49096,L,298.0,307.7,1387,50.8,204
9313,H38726,H,298.5,309.4,1573,33.6,143
1151,L48330,L,297.1,307.9,1456,50.0,166
3896,M18755,M,302.3,311.2,1546,40.0,71
6713,H36126,H,301.4,310.7,1516,36.4,83
66,L47245,L,299.0,309.1,1394,45.1,179
3787,L50966,L,302.3,310.9,1587,36.6,20
1371,L48550,L,298.7,310.3,1451,40.0,86
8731,H38144,H,297.3,308.7,1569,33.9,93
7558,M22417,M,300.4,311.5,1750,27.3,116
780,L47959,L,296.8,308.0,1666,29.8,41
6324,L53503,L,300.7,310.1,1351,46.9,165
6079,L53258,L,300.8,310.7,1339,59.1,203
9549,L56728,L,299.6,311.1,1521,37.2,131
4101,L51280,L,302.0,310.4,1895,23.2,161
5425,L52604,L,302.6,312.2,1377,45.5,54
1429,L48608,L,298.8,309.9,1568,33.7,13
3504,L50683,L,301.7,310.8,1493,47.6,145
5346,L52525,L,303.5,312.8,1524,39.4,96
2557,M17416,M,299.3,309.1,1449,47.9,131
9076,L56255,L,297.3,308.1,1506,36.0,150
3793,L50972,L,302.3,310.9,1459,35.0,32
9412,L56591,L,298.0,308.5,1404,46.6,201
109,H29522,H,298.9,308.8,1621,32.7,75
7853,L55032,L,300.3,311.7,1515,37.5,5
4016,L51195,L,302.1,310.9,1477,41.4,184
9020,L56199,L,297.2,308.1,1662,31.3,0
5548,M20407,M,302.3,311.7,1540,28.9,149
9665,L56844,L,299.1,310.2,1317,54.8,231
9249,M24108,M,298.3,309.1,1488,40.6,176
4736,L51915,L,303.2,311.5,1544,42.5,227
983,L48162,L,296.2,306.9,1516,39.1,138
5400,H34813,H,302.8,312.4,1411,53.8,246
8406,M23265,M,298.4,309.5,1484,41.7,119
3177,L50356,L,300.3,309.6,1435,45.4,181
9205,L56384,L,297.8,308.8,1621,36.1,68
5853,H35266,H,301.2,310.9,1798,22.3,59
6284,L53463,L,301.3,310.8,1719,29.5,62
900,H30313,H,295.6,306.2,1329,55.3,135
3717,L50896,L,302.3,311.4,1609,32.3,49
4544,M19403,M,302.6,310.5,1542,39.9,184
9237,L56416,L,298.1,308.7,1556,31.6,145
4380,M19239,M,301.8,309.5,1732,30.1,220
4289,M19148,M,301.7,310.0,1391,50.6,195
215,M15074,M,298.3,308.6,1589,37.1,137
1812,M16671,M,298.1,307.8,1569,31.2,131
8958,L56137,L,297.4,308.1,1348,53.7,68
7188,L54367,L,300.4,310.5,1402,54.3,44
6464,H35877,H,300.5,310.0,1358,60.4,102
7503,H36916,H,300.3,311.7,1655,29.9,193
941,L48120,L,295.6,306.2,1443,48.9,33
4903,L52082,L,303.6,312.3,1616,29.3,226
5954,M20813,M,300.7,310.9,1486,38.9,106
3321,L50500,L,301.5,310.5,2289,16.4,112
8750,L55929,L,297.2,308.4,1677,26.4,146
3978,M18837,M,302.2,311.3,1510,36.6,91
1800,M16659,M,298.0,307.5,1427,45.1,95
5794,L52973,L,301.8,311.3,1471,44.2,148
7715,L54894,L,300.5,311.5,1487,43.0,78
9988,M24847,M,298.8,308.6,1500,37.1,210
9955,M24814,M,298.1,307.9,1446,42.8,121
6213,L53392,L,300.8,310.6,1402,53.7,93
6987,L54166,L,300.7,311.1,1688,30.7,161
7631,L54810,L,300.5,311.6,1534,37.7,90
9312,L56491,L,298.4,309.4,1540,43.2,141
4615,H34028,H,303.0,311.2,1503,37.0,152
1287,L48466,L,298.5,309.6,1582,40.3,103
7941,M22800,M,300.7,311.7,1532,40.0,0
7081,L54260,L,300.7,310.4,1543,47.3,203
9017,L56196,L,297.3,308.2,1396,52.7,212
6021,L53200,L,300.7,310.8,1619,34.9,57
137,H29550,H,298.7,308.5,1420,45.7,143
198,M15057,M,298.4,308.6,1527,40.9,96
4112,M18971,M,302.0,310.6,1563,41.0,184
4626,L51805,L,303.0,311.2,1511,45.7,184
8308,M23167,M,298.7,310.1,1402,69.7,64
9905,L57084,L,298.6,309.1,1537,35.7,198
2609,L49788,L,299.5,309.3,1409,44.7,46
2966,M17825,M,300.7,309.5,1838,24.9,66
6943,M21802,M,300.8,311.4,1732,26.9,45
7220,M22079,M,299.8,309.7,1556,37.7,124
7047,M21906,M,300.7,310.5,1863,22.2,111
9559,M24418,M,299.5,310.9,1577,34.6,159
3524,L50703,L,301.8,310.9,1521,39.3,197
1969,L49148,L,298.0,307.6,1281,50.8,122
735,H30148,H,297.0,308.4,1305,54.6,168
4766,L51945,L,303.7,312.0,1892,22.5,79
8847,M23706,M,297.4,308.8,1325,62.4,204
4852,L52031,L,303.7,312.1,1363,51.8,90
2681,L49860,L,299.8,309.5,1641,27.1,16
1813,L48992,L,298.2,307.8,1476,36.8,134
521,L47700,L,297.6,309.5,1617,36.2,42
8430,L55609,L,299.0,310.3,1577,40.0,181
7018,M21877,M,300.7,310.6,1474,37.0,33
3514,M18373,M,301.9,311.1,1417,52.5,171
6916,L54095,L,301.0,311.4,1484,36.2,188
5872,L53051,L,301.5,311.1,1469,49.5,107
3439,L50618,L,301.4,310.4,1471,37.5,193
4142,H33555,H,301.7,310.1,1462,38.3,49
6293,L53472,L,301.0,310.4,1614,31.6,84
5535,M20394,M,302.3,311.7,1494,37.1,114
9131,L56310,L,297.6,308.6,1576,32.7,83
56,L47235,L,298.8,309.1,1512,40.7,156
9882,L57061,L,298.8,309.8,1493,38.5,132
9283,M24142,M,298.2,308.9,1414,44.3,68
3726,H33139,H,302.3,311.1,1543,37.5,73
5045,L52224,L,304.1,313.2,1412,47.5,150
8163,L55342,L,299.6,311.0,1574,35.0,133
1726,M16585,M,298.3,307.8,1392,50.4,101
1711,L48890,L,298.2,307.8,1530,35.9,68
5042,L52221,L,304.0,313.2,1314,47.1,144
8346,H37759,H,298.8,309.8,1490,35.9,171
3230,L50409,L,300.6,309.4,1442,43.2,96
7618,L54797,L,300.5,311.4,1556,45.3,58
8130,L55309,L,300.0,311.3,1520,39.2,43
5644,L52823,L,302.5,312.0,1574,42.0,188
9414,L56593,L,298.1,308.6,1439,44.9,205
5727,M20586,M,302.4,311.9,1398,50.1,188
3133,L50312,L,300.1,309.5,1557,40.6,59
6646,M21505,M,301.5,310.4,1486,39.6,144
2483,L49662,L,298.9,308.7,1504,41.8,165
6523,L53702,L,301.1,310.1,1489,45.8,42
7577,M22436,M,300.3,311.1,1477,44.2,166
3118,M17977,M,300.1,309.3,1469,43.9,20
8871,M23730,M,297.9,309.1,1338,49.6,56
5031,M19890,M,303.9,313.1,1437,48.3,110
5453,M20312,M,303.0,312.7,1553,35.8,122
1391,L48570,L,298.9,310.2,1409,54.8,140
8312,M23171,M,298.8,310.0,1295,52.7,74
7500,L54679,L,300.3,311.8,1746,26.3,187
5641,L52820,L,302.6,312.1,1420,51.6,182
9332,L56511,L,298.4,308.9,1496,37.9,194
4352,L51531,L,301.8,309.6,1432,43.7,138
9068,L56247,L,297.1,308.2,1351,56.6,126
1781,L48960,L,298.5,308.2,1595,32.3,46
7176,L54355,L,300.1,310.1,1569,43.5,17
9894,M24753,M,298.9,309.6,1284,55.3,166
6816,L53995,L,300.9,310.7,1427,44.1,141
6435,M21294,M,300.3,309.9,1494,38.5,33
2467,L49646,L,299.0,308.6,1429,37.7,126
978,L48157,L,296.0,306.7,1917,21.0,127
4700,L51879,L,303.5,311.6,1428,46.2,139
3538,M18397,M,302.0,311.0,1980,21.5,20
8940,M23799,M,297.3,308.4,1434,44.8,21
7499,M22358,M,300.2,311.8,1748,28.5,184
3235,L50414,L,300.8,309.4,1489,38.4,109
5595,L52774,L,302.6,311.9,1598,35.5,69
6535,L53714,L,301.3,310.6,1436,44.2,76
7994,L55173,L,301.1,312.3,1595,31.9,134
543,L47722,L,297.5,309.4,1803,24.7,98
6267,L53446,L,300.8,310.4,1368,46.8,21
6239,L53418,L,301.3,310.8,1390,57.4,164
9432,L56611,L,298.0,308.6,1430,57.0,43
9859,L57038,L,298.5,309.5,1547,33.1,68
158,H29571,H,298.4,308.2,1478,43.5,206
8484,L55663,L,298.3,309.4,1618,31.5,108
149,M15008,M,298.3,308.3,1379,48.0,181
1302,L48481,L,298.7,309.9,1483,32.8,142
5542,L52721,L,302.4,311.8,1433,42.2,134
3548,M18407,M,301.9,311.0,1467,48.1,43
2912,M17771,M,300.7,309.5,1352,44.0,126
7581,L54760,L,300.4,311.3,1495,51.2,175
6804,M21663,M,301.1,310.7,1367,43.4,111
1544,L48723,L,298.4,308.9,1628,34.9,93
3346,L50525,L,301.3,310.7,1594,34.1,172
5788,L52967,L,301.7,311.3,1584,38.8,132
9979,H39392,H,298.6,308.3,1377,52.1,181
4338,L51517,L,301.6,309.9,1440,43.4,100
7001,M21860,M,300.6,310.6,1463,45.5,196
7477,L54656,L,300.2,311.5,1492,41.8,128
157,M15016,M,298.4,308.1,1495,46.0,203
4547,M19406,M,302.5,310.4,1429,43.2,191
853,M15712,M,296.3,307.3,1368,49.5,10
2325,L49504,L,299.3,308.8,1636,29.9,201
5245,L52424,L,303.6,313.0,1593,31.6,52
6307,L53486,L,301.0,310.4,1563,34.4,124
686,M15545,M,297.7,309.0,1636,29.7,32
5908,H35321,H,300.8,310.4,1419,46.4,200
1920,L49099,L,298.2,308.0,1658,30.0,3
315,M15174,M,297.9,308.5,1300,53.0,172
9105,M23964,M,297.4,308.3,1550,47.8,18
576,M15435,M,297.9,309.9,1410,55.4,188
3936,M18795,M,302.6,311.6,1227,68.2,187
2445,L49624,L,299.2,308.6,1267,68.2,76
5621,L52800,L,303.0,312.3,1533,38.5,134
2315,L49494,L,299.2,308.9,1368,47.2,175
2885,L50064,L,300.6,309.6,1409,42.4,57
5366,L52545,L,303.1,312.6,1548,36.4,150
2251,M17110,M,299.2,308.4,1396,48.7,13
6741,L53920,L,301.8,311.2,1417,55.9,156
3802,M18661,M,302.2,310.9,1771,27.6,54
6946,M21805,M,300.8,311.4,1852,22.2,53
3637,L50816,L,302.2,311.4,1449,46.5,60
2619,M17478,M,299.4,309.1,1461,48.6,70
410,L47589,L,297.4,308.6,1459,41.3,196
3151,L50330,L,300.4,309.8,1513,32.9,117
8926,M23785,M,297.2,308.2,1405,42.5,204
3528,M18387,M,301.9,310.9,1573,38.9,209
6955,M21814,M,300.8,311.2,1429,52.3,77
2415,L49594,L,299.1,308.5,1415,43.4,0
5165,M20024,M,304.3,313.4,1624,32.1,53
2520,L49699,L,298.8,308.6,1631,32.4,38
9828,M24687,M,298.3,309.3,1376,57.0,198
5329,M20188,M,303.7,312.9,1406,41.9,48
8245,L55424,L,299.0,310.4,1512,38.8,109
5597,M20456,M,302.7,312.0,1538,36.7,74
2051,M16910,M,299.5,309.3,1675,29.2,132
4432,H33845,H,302.3,310.2,1443,54.6,120
7606,H37019,H,300.4,311.3,2026,20.3,26
3418,L50597,L,301.6,310.6,1621,33.7,137
8222,M23081,M,299.1,310.5,1428,43.0,53
3456,H32869,H,301.4,310.3,1611,41.5,11
8461,L55640,L,298.7,309.9,1372,54.7,44
2805,L49984,L,300.1,309.5,1450,40.1,100
5787,L52966,L,301.7,311.2,1521,36.7,130
7385,L54564,L,299.7,310.4,1614,36.2,108
7791,L54970,L,300.1,311.4,1729,29.3,71
9372,L56551,L,297.7,308.4,1289,51.3,82
241,M15100,M,298.0,308.1,1339,51.6,197
8678,M23537,M,297.3,308.5,1664,28.9,174
5269,L52448,L,303.4,312.9,1389,54.1,109
4728,M19587,M,303.4,311.8,1341,47.0,210
6174,L53353,L,300.8,310.7,1633,27.8,0
4161,M19020,M,302.0,310.4,1608,33.1,97
2115,H31528,H,299.4,309.1,1373,44.1,81
7115,H36528,H,300.9,310.4,1457,43.8,69
7016,L54195,L,300.5,310.5,1452,42.9,29
598,H30011,H,297.6,309.6,1428,46.6,13
4967,L52146,L,303.8,312.6,1793,28.1,170
4867,L52046,L,303.6,312.4,1781,28.7,124
8506,L55685,L,298.4,309.7,1530,38.6,161
2249,M17108,M,299.3,308.5,1304,60.6,8
7243,H36656,H,299.9,310.1,1447,51.4,185
2810,L49989,L,299.9,309.2,1598,34.6,111
2548,L49727,L,299.2,309.1,1578,38.1,109
434,M15293,M,297.6,308.5,1848,23.7,37
8766,L55945,L,297.4,308.8,1353,49.4,188
9534,L56713,L,299.2,310.5,1705,29.5,95
6068,L53247,L,301.0,311.0,1582,37.5,176
1679,L48858,L,298.0,307.5,1644,32.8,215
5875,M20734,M,301.5,311.1,1660,33.8,115
9539,L56718,L,299.3,310.6,1480,45.1,107
8998,M23857,M,297.1,307.9,1609,38.9,166
5818,L52997,L,301.3,311.0,1542,35.1,204
3377,M18236,M,301.5,310.8,1385,47.5,30
7973,L55152,L,301.1,312.2,1397,54.9,81
2162,L49341,L,299.4,309.1,1464,40.5,215
1311,L48490,L,298.9,310.2,1498,50.2,160
8570,L55749,L,297.9,308.6,1757,27.5,118
5368,M20227,M,303.1,312.5,1766,26.7,157
7622,L54801,L,300.5,311.5,1490,38.4,67
1065,M15924,M,296.8,307.9,1409,44.3,145
9714,L56893,L,299.1,310.2,1496,45.0,104
7862,L55041,L,300.5,312.0,1498,42.9,25
6045,M20904,M,300.8,310.9,1522,41.7,115
3763,M18622,M,302.3,311.0,1526,37.7,171
4395,L51574,L,302.2,310.0,1483,48.7,20
3186,L50365,L,300.1,309.3,1685,27.1,203
7948,L55127,L,300.8,311.7,1426,45.5,16
3778,M18637,M,302.4,311.1,1721,30.1,210
3516,M18375,M,301.9,311.1,1605,40.0,179
2460,L49639,L,299.0,308.6,1297,54.2,110
619,H30032,H,298.2,310.0,1433,44.2,68
290,L47469,L,298.1,308.4,1436,46.7,103
8845,H38258,H,297.4,308.9,1645,30.8,196
2498,M17357,M,299.2,308.9,1521,42.3,215
2641,M17500,M,299.9,309.5,1372,56.2,133
2839,L50018,L,300.3,309.3,1478,39.5,180
4382,L51561,L,301.9,309.6,1446,43.2,225
5820,L52999,L,301.3,311.0,1418,41.9,208
6,M14865,M,298.1,308.6,1425,41.9,11
405,L47584,L,297.3,308.6,1297,45.9,184
3081,M17940,M,299.9,309.2,1539,43.2,132
3911,L51090,L,302.4,311.4,1831,26.9,121
4271,L51450,L,302.6,310.9,1331,52.0,154
7810,M22669,M,300.0,311.4,1537,35.4,120
5878,L53057,L,301.5,311.1,1458,41.4,123
4414,M19273,M,302.7,310.5,1398,47.3,70
9208,L56387,L,297.9,308.8,1386,48.6,75
7174,L54353,L,300.1,310.1,1684,30.8,13
1880,M16739,M,298.2,307.7,1608,33.8,106
8092,L55271,L,300.2,311.6,1375,56.9,155
3572,M18431,M,301.7,310.6,1691,27.7,105
4968,L52147,L,303.9,312.6,1426,53.4,172
5479,L52658,L,302.7,312.2,1611,34.1,186
2807,L49986,L,300.0,309.3,1364,41.2,104
2816,M17675,M,300.1,309.4,1569,31.6,124
5659,M20518,M,302.2,311.4,1372,55.1,9
39,H29452,H,298.9,309.2,1379,50.7,106
5483,L52662,L,302.6,312.1,1782,26.8,198
1906,L49085,L,297.9,307.6,1687,29.1,176
1539,L48718,L,298.4,309.1,1798,29.6,81
2850,L50029,L,300.4,309.3,1766,28.2,207
5296,L52475,L,303.8,313.2,1336,47.8,176
2658,M17517,M,300.0,309.5,1425,40.8,178
7088,L54267,L,300.6,310.3,1648,30.5,217
5680,M20539,M,302.2,311.7,1466,49.0,66
4328,H33741,H,301.7,310.1,1660,29.3,72
3464,L50643,L,301.6,310.5,1809,25.5,40
847,M15706,M,296.4,307.4,1416,50.0,210
8980,M23839,M,296.9,307.5,1332,51.1,121
8172,H37585,H,300.0,311.4,1641,34.5,155
5968,L53147,L,300.4,310.8,1390,52.5,144
842,L48021,L,296.6,307.5,1439,45.5,199
5212,L52391,L,303.7,312.5,1433,53.6,185
9800,M24659,M,298.5,309.3,1551,34.7,121
4961,L52140,L,303.9,312.7,1339,62.3,156
745,L47924,L,296.7,308.1,1450,40.9,195
882,L48061,L,295.7,306.2,1464,46.2,92
5583,L52762,L,302.5,312.0,2052,18.9,40
3909,L51088,L,302.3,311.2,1633,36.4,114
7325,M22184,M,299.9,310.4,1820,26.6,175
3410,M18269,M,301.2,310.4,1697,30.0,120
9273,L56452,L,298.2,308.6,1353,54.1,38
7028,L54207,L,300.6,310.6,1508,34.8,62
9317,H38730,H,298.5,309.4,1417,41.2,155
9663,M24522,M,299.1,310.1,1570,30.9,226
6765,L53944,L,301.4,310.9,1536,38.3,9
3202,L50381,L,300.2,309.1,1479,47.0,22
1905,M16764,M,298.0,307.6,1569,35.6,173
1617,H31030,H,297.8,307.8,1662,30.7,48
6731,M21590,M,301.6,311.0,1431,42.3,129
5701,L52880,L,302.5,311.9,1497,41.6,123
9952,L57131,L,298.2,307.8,1355,59.4,115
8724,L55903,L,297.2,308.6,1578,34.4,76
9779,H39192,H,298.7,309.7,1311,54.5,52
4385,L51564,L,301.8,309.6,1443,42.7,231
5849,L53028,L,301.4,311.3,2323,15.9,50
1291,L48470,L,298.6,309.7,1429,45.8,113
2213,L49392,L,299.7,309.1,1475,40.0,123
5428,L52607,L,302.7,312.4,1423,51.9,60
998,M15857,M,296.3,307.2,1446,45.9,180
3576,L50755,L,301.7,310.5,1567,39.1,114
5997,M20856,M,300.5,310.2,1386,48.2,225
3038,L50217,L,300.5,309.7,1887,24.3,28
3660,M18519,M,302.2,311.5,1734,25.0,116
5912,M20771,M,300.8,310.4,1288,64.0,3
7967,L55146,L,301.0,312.2,1602,35.9,67
3867,L51046,L,302.6,311.6,1311,53.2,0
3952,M18811,M,302.3,311.4,1571,32.7,17
3917,L51096,L,302.6,311.6,1453,37.0,135
5845,L53024,L,301.4,311.1,1462,37.1,41
9504,M24363,M,299.2,310.3,1551,44.8,18
7993,M22852,M,301.1,312.3,1852,25.9,131
3700,L50879,L,302.2,311.2,1649,33.2,9
9656,H39069,H,299.1,310.0,1431,49.5,205
2701,L49880,L,299.9,309.3,1473,40.4,59
8583,M23442,M,297.5,308.1,1334,72.0,151
8340,M23199,M,298.8,309.7,1499,40.3,154
419,L47598,L,297.4,308.4,2151,17.7,0
5879,L53058,L,301.4,311.0,1533,45.8,125
8195,L55374,L,299.4,310.7,1426,45.7,213
2779,L49958,L,300.0,309.4,1308,50.2,32
6643,L53822,L,301.6,310.6,1431,37.5,137
2673,L49852,L,299.7,309.3,1445,42.6,0
573,L47752,L,297.8,309.9,1351,49.0,181
245,M15104,M,298.0,308.2,1395,49.1,206
5789,L52968,L,301.8,311.5,1443,43.3,134
5898,M20757,M,301.0,310.7,1517,40.2,171
8181,M23040,M,299.7,311.2,1616,42.3,180
6433,M21292,M,300.3,309.9,1447,46.5,28
7603,L54782,L,300.4,311.2,1705,28.7,20
7481,M22340,M,300.2,311.4,1570,35.3,138
9493,L56672,L,299.1,309.9,1586,36.6,215
7562,L54741,L,300.3,311.1,1388,49.4,128
4213,M19072,M,302.0,310.6,1392,60.5,10
5981,M20840,M,300.6,310.7,1654,32.0,180
6576,M21435,M,301.4,310.5,1451,45.3,183
7873,L55052,L,300.6,312.3,1532,37.2,54
1631,L48810,L,297.9,307.9,1412,44.5,85
6781,L53960,L,301.3,310.8,1560,38.5,52
1369,H30782,H,298.8,310.3,1708,27.1,78
9127,L56306,L,297.4,308.5,1477,40.7,74
9386,M24245,M,297.5,308.1,1907,23.5,125
4620,H34033,H,303.1,311.3,2056,19.7,167
5407,L52586,L,302.7,312.4,1360,47.8,11
1893,M16752,M,297.8,307.4,1438,43.6,141
2577,L49756,L,299.5,309.3,1523,41.5,181
1814,L48993,L,298.1,307.7,1479,45.0,136
7306,M22165,M,300.0,310.5,1790,25.7,123
2704,M17563,M,299.8,309.2,1372,58.2,65
5871,L53050,L,301.5,311.1,2055,16.8,105
1040,L48219,L,296.7,307.7,1524,36.8,82
4697,L51876,L,303.4,311.6,1449,41.7,132
4503,L51682,L,302.4,310.2,1642,28.3,88
268,L47447,L,297.9,308.0,1954,21.1,42
5291,L52470,L,303.9,313.3,1526,40.7,164
8135,L55314,L,299.7,311.1,1650,32.4,60
1380,L48559,L,298.7,310.1,1620,34.8,112
2568,L49747,L,299.4,309.1,1766,24.6,158
9447,H38860,H,298.1,308.9,1388,53.5,83
7685,M22544,M,300.7,311.8,1407,42.4,224
1236,H30649,H,297.1,308.4,1654,31.4,171
7916,H37329,H,300.8,312.1,1527,35.1,164
3859,L51038,L,302.5,311.4,1559,37.6,209
2198,L49377,L,299.7,309.0,1412,49.2,85
1379,H30792,H,298.8,310.2,1455,44.9,107
8197,L55376,L,299.4,310.8,1622,33.6,217
5210,M20069,M,303.8,312.7,1507,38.5,180
7743,M22602,M,300.5,311.9,1323,57.9,155
4986,M19845,M,303.8,313.0,1789,23.5,215
875,L48054,L,295.9,306.4,1575,28.5,74
8289,M23148,M,298.8,310.6,1640,33.8,9
5418,L52597,L,302.6,312.4,1386,45.8,38
7367,H36780,H,299.6,310.1,1531,36.8,62
4107,L51286,L,301.9,310.5,1425,51.1,173
352,M15211,M,297.6,308.4,1611,31.0,48
2182,H31595,H,299.5,309.1,1548,44.3,40
4171,M19030,M,302.2,310.6,1355,51.5,126
250,L47429,L,298.0,308.3,1405,56.2,218
9226,L56405,L,298.0,309.1,1820,23.6,120
6228,L53407,L,301.2,310.8,1479,38.2,139
8839,L56018,L,297.5,309.0,1320,54.7,179
7193,M22052,M,300.2,310.2,1429,43.8,54
2882,M17741,M,300.6,309.6,1588,37.0,50
8894,L56073,L,297.5,308.7,1371,46.5,121
8015,L55194,L,300.9,312.0,1500,44.2,188
2913,L50092,L,300.7,309.6,1661,30.3,129
9024,L56203,L,297.4,308.3,1706,30.9,9
2030,L49209,L,298.7,308.5,1668,35.2,77
5203,L52382,L,303.7,312.7,1335,51.1,161
205,L47384,L,298.4,308.5,1741,32.8,112
4761,L51940,L,303.6,311.7,1546,38.5,64
6864,L54043,L,301.1,311.3,1630,29.5,51
1041,L48220,L,296.7,307.7,1502,43.9,84
874,L48053,L,295.9,306.4,1892,21.7,72
1687,H31100,H,297.9,307.3,1663,28.7,7
4496,L51675,L,302.6,310.4,1359,57.2,67
798,L47977,L,296.8,307.7,1565,40.1,89
8248,L55427,L,299.0,310.4,1713,28.0,116
7852,L55031,L,300.4,311.7,1373,47.2,3
4428,M19287,M,302.4,310.1,1379,48.9,107
2200,M17059,M,299.8,309.1,1268,58.0,90
8379,M23238,M,298.8,309.9,1331,61.6,46
1868,L49047,L,298.1,307.9,1502,41.8,79
9428,L56607,L,298.2,308.8,1540,34.8,32
1668,L48847,L,298.2,307.9,1769,27.2,188
8032,L55211,L,300.7,312.0,1550,32.4,5
2946,H32359,H,300.7,309.6,1925,20.5,9
1627,M16486,M,297.9,307.8,1303,59.3,75
867,L48046,L,295.9,306.6,1678,26.7,53
4850,M19709,M,303.5,312.0,1475,42.9,85
1651,M16510,M,298.0,307.9,1417,51.0,137
81,H29494,H,298.8,308.8,1445,49.9,4
7526,H36939,H,300.1,311.5,1383,49.1,33
3501,H32914,H,301.9,311.0,1871,26.0,132
4306,L51485,L,301.6,310.1,1687,26.6,16
1012,M15871,M,296.2,307.3,1451,42.8,11
9627,M24486,M,299.0,310.0,1341,58.9,126
6368,L53547,L,300.0,309.6,1571,33.1,65
9487,M24346,M,298.9,309.6,1472,46.0,199
9260,M24119,M,298.2,309.0,1694,28.0,5
5696,L52875,L,302.4,311.8,1451,42.0,110
5073,L52252,L,304.1,313.0,1408,45.3,28
707,M15566,M,297.8,309.0,1434,43.3,96
3874,L51053,L,302.6,311.8,1638,35.1,17
4992,M19851,M,303.9,313.0,1475,41.0,11
952,H30365,H,295.6,306.3,1509,35.8,60
4308,L51487,L,301.4,309.9,1259,63.9,20
7968,M22827,M,301.0,312.2,1629,32.6,69
1947,L49126,L,298.2,308.1,1622,34.9,67
3644,L50823,L,302.3,311.6,1784,26.4,79
1939,L49118,L,298.1,307.9,1517,40.8,50
4121,M18980,M,302.1,310.7,1376,46.3,210
243,L47422,L,298.0,308.2,1348,58.8,202
7079,L54258,L,300.7,310.5,1357,52.6,199
9138,L56317,L,297.7,308.7,1731,28.4,104
2135,L49314,L,299.3,309.0,1473,46.3,146
6211,L53390,L,300.8,310.5,1434,44.5,89
3195,L50374,L,300.0,309.0,1454,51.7,2
8965,M23824,M,297.2,307.9,1456,44.9,85
9257,L56436,L,298.2,309.1,1569,35.2,199
5084,L52263,L,304.1,313.1,1327,54.1,57
406,L47585,L,297.3,308.5,1350,57.6,186
4702,H34115,H,303.5,311.7,1584,32.7,143
2661,L49840,L,299.8,309.3,1291,56.4,188
7823,H37236,H,299.9,311.3,1413,41.8,153
7788,L54967,L,300.3,311.5,1378,47.5,64
4404,L51583,L,302.3,310.1,1388,49.9,48
1875,L49054,L,298.4,308.1,1598,32.7,94
2161,L49340,L,299.4,309.0,1507,41.0,213
3304,L50483,L,301.2,310.4,1390,49.9,74
5351,M20210,M,303.4,312.8,1622,35.1,107
5506,L52685,L,302.8,312.2,1746,27.4,44
8507,L55686,L,298.4,309.6,1710,27.3,163
7269,L54448,L,300.5,310.6,1543,36.2,30
8694,M23553,M,297.2,308.5,1584,40.0,4
1450,H30863,H,299.0,310.4,1677,30.8,73
4900,L52079,L,303.6,312.3,2168,17.7,219
7749,L54928,L,300.4,311.7,1515,47.4,170
4051,L51230,L,301.8,310.8,1456,46.6,35
4905,H34318,H,303.6,312.4,1480,50.7,2
5437,M20296,M,302.9,312.5,1679,30.9,79
8446,M23305,M,298.6,310.0,1541,36.9,12
3233,L50412,L,300.7,309.3,1580,38.3,102
8441,L55620,L,298.6,309.8,1370,56.0,0
2434,L49613,L,299.0,308.3,1441,44.0,48
7443,L54622,L,300.0,311.5,1601,36.9,35
4455,L51634,L,302.4,310.1,1401,48.8,177
3249,M18108,M,301.0,309.7,1511,39.3,146
813,L47992,L,296.8,307.6,1338,44.4,128
6920,L54099,L,301.0,311.5,1444,39.8,197
946,M15805,M,295.7,306.3,1347,50.4,46
4629,M19488,M,303.0,311.1,1597,36.7,191
1032,L48211,L,296.4,307.5,1549,36.1,58
4288,M19147,M,301.7,309.9,1457,39.2,192
5857,H35270,H,301.2,310.9,1598,35.9,71
633,H30046,H,298.3,310.0,1419,47.1,105
977,M15836,M,296.0,306.6,1392,51.3,124
3945,L51124,L,302.2,311.2,1381,49.4,207
1225,L48404,L,297.1,308.3,1763,25.7,139
3840,M18699,M,302.3,311.0,1578,33.5,158
6861,L54040,L,301.1,311.2,1910,20.2,41
167,H29580,H,298.4,308.2,1612,32.6,10
9092,M23951,M,297.2,308.0,1765,31.1,191
7493,M22352,M,300.3,311.7,1319,51.4,170
7957,H37370,H,300.9,311.9,1513,38.0,38
7713,L54892,L,300.5,311.5,1499,37.6,73
7286,M22145,M,300.2,310.4,1202,61.7,74
4375,L51554,L,302.0,309.7,1551,34.8,207
3619,L50798,L,301.9,311.1,1448,46.3,14
2012,L49191,L,298.7,308.5,1616,30.2,34
5560,M20419,M,302.5,312.0,1451,43.2,189
1089,M15948,M,296.9,307.8,1392,43.9,0
6356,L53535,L,300.1,309.7,1481,37.9,34
6457,L53636,L,300.7,310.2,1387,50.6,83
1729,L48908,L,298.3,307.7,1465,49.4,109
6675,L53854,L,301.5,310.7,1618,35.5,218
2257,L49436,L,299.1,308.3,1489,38.1,32
8637,L55816,L,297.5,308.4,1723,27.3,67
9998,M24857,M,299.0,308.6,1645,33.4,22
8463,M23322,M,298.7,309.8,1501,44.7,48
3687,L50866,L,302.0,311.1,1406,50.5,187
5057,M19916,M,303.9,312.9,1430,53.5,189
4242,L51421,L,302.4,311.0,1475,47.9,79
4633,M19492,M,302.9,311.2,1330,53.7,200
6451,L53630,L,300.6,310.2,1378,47.3,71
7678,L54857,L,300.6,311.7,1428,52.6,208
6181,L53360,L,301.0,310.9,1492,44.6,15
5693,M20552,M,302.4,311.9,1313,55.7,102
9596,H39009,H,299.0,310.1,1432,50.0,45
1572,L48751,L,298.3,308.4,1528,37.3,160
1528,H30941,H,298.1,309.1,1425,44.5,49
9518,L56697,L,298.9,310.1,1523,39.1,53
7783,M22642,M,300.4,311.6,1518,36.4,53
1419,L48598,L,298.8,309.9,1320,47.4,210
3684,M18543,M,302.0,311.2,1558,39.1,179
5326,L52505,L,303.5,312.7,1694,27.3,40
5831,M20690,M,301.3,311.2,1438,42.4,7
9415,L56594,L,298.1,308.6,1354,53.9,207
4489,M19348,M,302.5,310.4,1509,37.6,45
2791,L49970,L,300.4,309.6,1356,45.9,64
2081,L49260,L,299.3,309.2,2280,15.4,207
4036,L51215,L,302.0,310.8,1454,36.6,0
944,M15803,M,295.6,306.2,1477,45.0,40
6806,M21665,M,301.0,310.7,1497,37.6,116
1890,H31303,H,297.7,307.4,1432,40.2,132
3667,M18526,M,302.3,311.6,1608,39.9,136
9230,M24089,M,298.1,309.0,2042,17.8,129
7506,L54685,L,300.5,311.9,1546,39.4,203
2087,H31500,H,299.4,309.3,1439,49.7,9
7859,L55038,L,300.5,311.9,1350,51.7,18
7635,M22494,M,300.3,311.3,1506,40.7,98
7569,L54748,L,300.2,311.0,1627,33.7,147
948,L48127,L,295.6,306.2,1428,44.5,51
8540,L55719,L,298.5,309.4,1517,40.2,45
8709,M23568,M,297.2,308.5,1364,54.0,43
3393,L50572,L,301.5,310.7,1408,47.3,79
789,M15648,M,296.9,308.1,1440,46.3,64
1982,L49161,L,298.0,307.6,1385,45.0,158
601,L47780,L,297.8,309.7,1547,37.3,25
8026,M22885,M,300.8,312.0,1422,50.7,219
7951,L55130,L,300.8,311.6,1568,36.0,23
2196,L49375,L,299.6,308.9,1613,30.8,80
3413,L50592,L,301.3,310.3,1313,55.6,127
141,L47320,L,298.8,308.6,1511,36.1,157
1090,M15949,M,296.9,307.7,2008,17.5,3
3426,M18285,M,301.5,310.5,1623,33.5,157
2853,M17712,M,300.5,309.4,1347,50.1,213
540,M15399,M,297.4,309.3,1775,25.8,91
3164,L50343,L,300.4,309.8,1549,38.9,150
6720,M21579,M,301.4,310.6,1431,40.6,101
378,M15237,M,297.4,308.2,1424,53.9,120
8532,L55711,L,298.6,309.3,1449,46.5,26
664,L47843,L,297.5,308.9,1469,44.0,185
3086,L50265,L,300.1,309.2,1441,42.9,148
9507,H38920,H,299.3,310.4,1548,41.6,25
9009,M23868,M,297.4,308.0,1440,42.4,190
2973,M17832,M,300.6,309.4,1432,44.2,84
5897,L53076,L,301.1,310.8,1274,55.7,169
2088,L49267,L,299.5,309.3,1577,36.6,14
8888,L56067,L,297.8,308.9,1530,37.6,106
562,M15421,M,297.5,309.4,1678,34.4,148
4393,L51572,L,302.2,310.1,1458,45.1,15
7868,L55047,L,300.5,312.0,1461,38.1,39
1653,H31066,H,297.9,307.8,1635,34.0,142
10,M14869,M,298.5,309.0,1741,28.0,21
5468,L52647,L,302.9,312.4,1383,51.4,160
7164,M22023,M,300.1,310.1,1501,39.3,195
3107,L50286,L,299.8,309.1,1485,39.9,207
2857,H32270,H,300.5,309.3,1471,45.2,223
7776,L54955,L,300.3,311.5,1663,33.6,38
5592,L52771,L,302.5,312.0,1574,33.8,63
3303,L50482,L,301.3,310.5,1503,48.6,72
4451,L51630,L,302.5,310.3,1551,37.3,168
2736,L49915,L,299.7,309.2,1412,45.4,147
343,L47522,L,297.4,308.2,1471,46.5,25
7017,L54196,L,300.6,310.5,1509,43.1,31
62,M14921,M,298.8,309.0,1592,38.2,169
705,L47884,L,297.7,308.9,1516,33.7,92
8367,M23226,M,298.9,309.8,1836,22.8,18
9982,L57161,L,298.7,308.5,1353,47.0,190
4475,L51654,L,302.7,310.5,1563,35.0,8
1248,L48427,L,297.2,308.5,1513,42.9,212
5114,L52293,L,304.1,313.6,1382,46.7,134
529,M15388,M,297.5,309.5,1553,42.4,60
1109,L48288,L,296.6,307.4,1504,45.8,58
5035,M19894,M,303.9,313.1,1514,41.1,121
7422,M22281,M,300.1,311.4,1342,48.5,203
7703,M22562,M,300.7,311.7,1701,30.8,44
1314,L48493,L,298.9,310.2,1359,56.9,166
6421,L53600,L,300.3,309.9,1518,36.4,0
4653,L51832,L,303.1,311.2,1452,52.9,11
7449,L54628,L,300.3,311.8,1488,38.4,51
2923,L50102,L,300.8,309.7,1481,38.1,153
5550,H34963,H,302.3,311.9,1374,52.4,154
8749,L55928,L,297.3,308.5,1384,39.6,144
6613,L53792,L,301.6,310.6,1222,70.0,62
3786,L50965,L,302.3,310.9,1545,36.7,18
3407,L50586,L,301.2,310.4,1470,44.0,113
9677,L56856,L,299.0,310.1,1886,21.2,13
1097,L48276,L,297.0,307.6,1680,35.8,20
3532,M18391,M,301.9,310.9,1641,33.2,3
2774,L49953,L,299.9,309.4,1858,22.5,22
4628,M19487,M,303.0,311.2,1592,38.9,188
8473,L55652,L,298.5,309.7,1634,37.8,78
6402,M21261,M,300.0,309.6,1573,39.7,162
2788,M17647,M,300.3,309.6,1524,38.4,54
6048,H35461,H,300.9,311.0,1853,23.6,122
6216,L53395,L,301.1,310.8,1521,41.0,99
4892,M19751,M,303.7,312.3,1756,26.4,190
788,L47967,L,296.9,308.1,1435,45.3,62
7207,L54386,L,299.8,309.7,1457,51.9,89
5743,L52922,L,302.3,311.7,1414,47.0,11
4180,L51359,L,302.4,310.9,1349,46.1,148
2238,L49417,L,299.3,308.6,1403,50.6,189
4298,M19157,M,301.8,310.2,1609,34.2,217
3669,L50848,L,302.3,311.7,1510,38.7,141
9817,M24676,M,298.5,309.2,1721,29.4,170
4619,M19478,M,303.0,311.3,1335,53.6,164
811,L47990,L,296.9,307.7,1550,39.7,124
5674,L52853,L,302.2,311.6,1462,50.0,51
57,L47236,L,298.8,309.1,1477,42.4,158
6885,L54064,L,300.8,311.2,1492,39.0,109
1362,M16221,M,298.6,310.1,1458,41.9,61
834,L48013,L,296.6,307.4,1616,28.0,175
5792,M20651,M,301.8,311.3,1542,40.1,142
5478,L52657,L,302.7,312.1,1763,26.5,184
915,M15774,M,295.4,305.9,1518,40.6,178
8963,L56142,L,297.3,307.9,1628,30.2,80
7469,L54648,L,300.3,311.6,1560,37.7,107
3150,H32563,H,300.4,309.7,1500,35.2,112
130,L47309,L,298.9,308.5,1559,34.3,126
690,H30103,H,297.6,309.0,1354,55.6,46
2944,H32357,H,300.7,309.5,2007,19.7,2
4086,H33499,H,302.0,310.5,1841,23.6,119
1844,L49023,L,297.6,307.1,1496,39.2,12
6507,H35920,H,301.0,310.1,1454,44.1,217
3593,H33006,H,301.6,310.4,1369,45.4,156
9396,L56575,L,297.7,308.2,1500,39.9,158
8106,L55285,L,300.4,311.9,1476,48.7,189
6972,M21831,M,300.7,311.0,1559,42.8,121
9686,L56865,L,299.0,310.0,1360,48.1,37
3308,M18167,M,301.4,310.5,1563,39.9,83
1392,L48571,L,298.9,310.2,2737,8.8,142
3965,M18824,M,302.3,311.6,1668,33.2,52
5047,M19906,M,304.1,313.2,1410,42.4,155
7224,L54403,L,299.8,309.6,1374,51.6,137
5092,L52271,L,303.9,313.2,1345,48.2,77
2119,H31532,H,299.3,308.9,1429,43.0,96
2888,M17747,M,300.5,309.5,1691,27.6,67
1686,L48865,L,297.9,307.3,1824,26.3,5
4157,M19016,M,302.0,310.5,1823,25.1,87
6498,L53677,L,300.8,309.9,1312,65.3,192
2034,H31447,H,298.8,308.5,1359,47.6,85
1740,H31153,H,298.5,307.9,1260,54.2,141
2989,M17848,M,300.6,309.8,1532,42.5,130
7604,L54783,L,300.4,311.2,1406,43.6,22
355,L47534,L,297.6,308.3,1658,34.3,59
5183,L52362,L,303.9,313.1,1586,31.9,108
5423,M20282,M,302.7,312.4,1422,44.5,49
9657,L56836,L,299.0,310.1,1623,33.0,210
6893,L54072,L,301.0,311.6,1440,43.3,131
6668,H36081,H,301.4,310.5,1536,39.9,201
844,L48023,L,296.6,307.5,1485,42.7,204
7227,L54406,L,299.7,309.6,1399,51.3,144
3253,L50432,L,301.1,309.7,1668,30.8,158
4602,M19461,M,303.0,311.1,1372,54.3,117
284,L47463,L,298.2,308.2,1469,43.0,88
8850,L56029,L,297.5,308.9,1596,30.7,5
554,M15413,M,297.4,309.3,1564,36.0,126
4767,M19626,M,303.6,312.0,1645,35.7,81
7432,M22291,M,300.0,311.4,1352,61.8,10
2082,M16941,M,299.4,309.3,1485,47.1,209
4672,L51851,L,303.3,311.4,1511,43.4,65
3082,M17941,M,300.0,309.3,1932,21.8,135
1046,H30459,H,296.4,307.5,1403,52.8,94
1182,L48361,L,297.2,308.3,1379,52.1,21
8634,L55813,L,297.4,308.3,1336,53.7,61
7063,M21922,M,300.6,310.4,1407,51.1,157
9292,L56471,L,298.2,309.0,1353,57.8,89
804,H30217,H,296.9,307.8,1549,37.8,104
4368,H33781,H,302.0,309.9,1447,42.8,185
2104,M16963,M,299.3,309.1,1376,46.7,49
4350,L51529,L,301.9,309.7,1595,31.4,133
8362,L55541,L,298.6,309.5,1450,44.3,7
7319,H36732,H,299.9,310.3,1535,43.9,154
5989,H35402,H,300.7,310.8,1296,58.2,204
9531,H38944,H,299.1,310.4,1405,53.6,86
6113,L53292,L,300.7,310.8,1925,22.0,74
5,L47184,L,298.2,308.7,1408,40.0,9
4866,M19725,M,303.5,312.3,1624,34.8,121
9674,M24533,M,299.0,310.1,1593,35.4,5
5219,L52398,L,303.8,312.9,1589,37.2,203
4114,L51293,L,302.0,310.6,1325,55.3,192
8263,L55442,L,299.1,310.6,1921,23.9,158
2431,M17290,M,298.9,308.2,1335,47.8,40
9110,L56289,L,297.5,308.6,1513,39.7,32
9485,L56664,L,298.9,309.6,1663,33.7,195
2263,L49442,L,299.1,308.3,1533,42.4,48
5638,M20497,M,302.5,312.0,1487,46.1,175
4325,L51504,L,301.7,310.2,1486,43.0,66
9348,M24207,M,298.2,308.7,1426,42.6,23
3023,L50202,L,300.5,309.6,1760,30.6,213
5324,M20183,M,303.4,312.7,1399,48.4,34
134,M14993,M,298.7,308.4,1430,49.6,135
9809,M24668,M,298.2,309.0,1441,44.2,147
6895,L54074,L,301.1,311.7,1408,46.3,135
5170,L52349,L,304.1,313.3,1470,39.9,70
9002,L56181,L,297.0,307.8,1500,39.9,175
3941,L51120,L,302.3,311.5,1395,54.2,198
5564,M20423,M,302.3,311.7,1640,31.5,199
9489,M24348,M,298.9,309.6,1567,34.5,204
7271,L54450,L,300.2,310.4,1808,25.8,35
6015,H35428,H,300.8,310.8,1618,32.8,40
307,L47486,L,297.8,308.4,1374,47.1,150
5643,L52822,L,302.5,312.0,1495,38.8,186
8909,L56088,L,297.2,308.5,1518,44.3,163
6001,H35414,H,300.4,310.2,1431,43.2,0
498,L47677,L,297.4,309.0,1505,39.2,209
4698,M19557,M,303.5,311.6,1573,34.0,134
2040,M16899,M,299.0,308.9,1449,39.6,105
4340,L51519,L,301.7,309.9,1524,46.6,104
4343,M19202,M,301.7,309.8,1284,68.2,111
980,L48159,L,296.2,306.8,1389,53.3,132
4133,M18992,M,301.8,310.3,1409,52.5,26
2446,H31859,H,299.2,308.7,1375,55.1,78
2628,M17487,M,299.8,309.6,1346,53.2,95
7175,L54354,L,300.2,310.2,1530,48.5,15
7221,L54400,L,299.8,309.7,1429,42.6,127
234,L47413,L,298.2,308.4,1512,34.9,181
4029,L51208,L,302.0,310.9,1455,43.2,220
1008,M15867,M,296.2,307.2,1633,31.1,0
2743,L49922,L,299.6,309.1,1369,51.4,164
1983,M16842,M,298.0,307.7,1487,41.3,160
6687,L53866,L,301.7,311.0,1715,24.8,17
233,L47412,L,298.2,308.4,1424,47.6,179
8538,L55717,L,298.6,309.5,1730,30.2,41
4693,M19552,M,303.4,311.4,1606,29.6,122
5149,L52328,L,304.4,313.6,1507,43.1,13
6730,H36143,H,301.5,310.9,1524,40.4,124
826,L48005,L,296.6,307.3,1474,40.0,158
2667,H32080,H,299.7,309.2,1691,27.7,203
1427,M16286,M,298.7,309.7,1622,34.6,8
8133,M22992,M,299.9,311.3,1389,50.0,55
8626,L55805,L,297.4,308.3,1632,33.5,39
3597,L50776,L,301.7,310.5,1354,50.0,169
5314,M20173,M,303.7,312.9,1566,32.6,9
9039,L56218,L,297.3,308.3,2358,14.9,49
3171,M18030,M,300.4,309.7,1685,32.3,167
790,M15649,M,296.9,308.0,1641,33.3,67
7134,M21993,M,300.5,309.9,1552,41.3,116
8161,M23020,M,299.7,311.1,1618,30.3,125
2535,L49714,L,298.9,308.7,1729,26.6,73
6139,M20998,M,300.8,310.7,1452,43.0,139
5929,M20788,M,300.2,310.1,1550,38.7,45
592,H30005,H,297.5,309.3,1525,41.7,235
4981,M19840,M,303.7,312.8,1685,31.8,203
7264,L54443,L,300.4,310.6,1429,46.9,19
3719,L50898,L,302.4,311.4,1450,44.1,56
6743,H36156,H,301.7,311.2,1639,30.0,161
5207,H34620,H,303.7,312.6,1711,27.6,170
1093,M15952,M,296.9,307.6,1685,32.0,10
2809,L49988,L,299.9,309.3,1471,41.8,109
5215,L52394,L,303.7,312.7,1572,37.2,192
2052,M16911,M,299.4,309.2,1470,44.4,135
7010,L54189,L,300.5,310.5,1536,36.2,12
9453,M24312,M,298.0,308.7,1392,53.4,104
7875,L55054,L,300.7,312.3,1548,37.9,58
9161,H38574,H,297.5,308.5,1671,28.0,158
2751,H32164,H,299.7,309.2,1456,40.6,182
898,L48077,L,295.6,306.2,1612,31.2,131
9355,M24214,M,298.2,308.8,1607,31.9,39
7649,L54828,L,300.4,311.4,1552,28.8,135
5292,L52471,L,303.8,313.3,1406,52.1,166
5125,M19984,M,304.2,313.5,1557,37.3,164
2054,L49233,L,299.5,309.3,1382,61.0,140
3604,L50783,L,301.7,310.7,1542,40.0,188
3387,H32800,H,301.5,310.8,1474,38.7,58
7475,L54654,L,300.3,311.7,1989,22.3,121
5715,L52894,L,302.2,311.8,1618,36.0,158
7731,L54910,L,300.6,311.9,1472,44.2,126
1665,L48844,L,298.2,308.0,1535,38.0,179
3887,L51066,L,302.4,311.3,1392,50.5,51
9766,L56945,L,298.6,309.6,1472,39.1,14
1965,M16824,M,297.8,307.5,1405,46.9,113
7353,M22212,M,299.7,310.2,1440,42.8,30
9535,L56714,L,299.3,310.6,1443,45.7,97
6452,L53631,L,300.7,310.2,1696,27.5,73
7343,M22202,M,299.7,310.3,1661,34.5,6
1565,M16424,M,298.0,308.2,2090,19.0,143
3860,L51039,L,302.6,311.5,1599,37.0,211
1342,M16201,M,298.6,310.2,1328,50.5,12
4696,L51875,L,303.3,311.6,1514,34.7,130
6564,L53743,L,301.5,310.7,1942,20.5,155
5020,M19879,M,304.0,313.1,1466,39.5,83
7532,H36945,H,300.1,311.4,1377,56.7,50
9625,H39038,H,299.0,310.1,1555,38.6,118
2106,L49285,L,299.3,309.1,1495,44.0,55
1958,H31371,H,297.9,307.7,1618,35.9,92
3053,L50232,L,300.1,309.2,1421,42.5,61
2782,L49961,L,300.2,309.5,2183,17.8,39
4788,L51967,L,303.7,312.6,1396,44.1,136
9649,L56828,L,299.1,310.1,1416,41.2,185
3813,L50992,L,302.0,310.6,1392,50.0,84
1754,L48933,L,298.2,307.5,1470,51.3,180
8315,L55494,L,298.8,309.9,1739,30.6,83
5325,M20184,M,303.4,312.8,1526,30.8,37
5813,L52992,L,301.4,311.1,1495,36.3,193
5841,M20700,M,301.3,311.1,1581,30.9,31
8752,M23611,M,297.4,308.5,1472,42.0,150
3478,L50657,L,301.8,310.7,1547,41.7,72
1327,L48506,L,298.9,310.2,1411,46.5,202
9804,L56983,L,298.4,309.2,1692,29.8,137
6758,L53937,L,301.8,311.2,1822,26.2,204
4677,L51856,L,303.4,311.5,1879,21.3,78
2862,L50041,L,300.7,309.5,1479,43.6,240
7087,L54266,L,300.6,310.4,2514,13.4,215
7091,M21950,M,300.6,310.2,1478,40.1,5
6982,H36395,H,300.8,311.2,1612,32.5,143
685,L47864,L,297.7,309.0,1538,43.2,30
7843,L55022,L,300.1,311.5,1659,31.1,203
6296,H35709,H,301.1,310.6,1782,24.9,93
7232,L54411,L,299.8,309.9,1553,36.6,157
4872,L52051,L,303.7,312.4,1513,40.1,135
5524,M20383,M,302.5,311.9,1524,34.8,86
6280,L53459,L,301.3,310.8,1432,54.4,51
9548,L56727,L,299.6,311.1,1679,30.7,129
9737,M24596,M,298.9,310.0,1348,58.2,163
3044,L50223,L,300.3,309.5,1551,37.9,42
2555,L49734,L,299.3,309.1,1531,37.9,127
6631,M21490,M,301.6,310.5,1414,49.3,106
4320,M19179,M,301.6,310.2,1411,45.1,54
7424,L54603,L,300.0,311.3,1407,47.3,208
5376,L52555,L,302.9,312.3,1530,34.9,185
625,H30038,H,298.3,310.1,1509,37.6,85
6300,L53479,L,301.2,310.6,1385,49.2,105
